Wolf Creek Ski Area,,www.wolfcreekski.com/,
Winter Park Resort,,www.winterparkresort.com/,
Wolf Creek Ski Area,,www.wolfcreekski.com/,
Winter Park Resort,,www.winterparkresort.com/,
Vail,31,www.vail.com/,
Telluride,,www.tellurideskiresort.com/,
Sunlight Mountain Resort,,"",
Steamboat,,"",
Ski Granby Ranch,,"",
Ski Cooper,,"",
Silverton Mountain,,"",
Powderhorn,,"",
Monarch Mountain,,"",
Loveland,,"",
Keystone,,"",
Howelsen Hill,,"",
Eldora Mountain Resort,,"",
Durango Mountain Resort,,"",
Crested Butte Mountain Resort,,"",
Copper Mountain Resort,,"",
Breckenridge,0,http://www.breckenridge.com/,
Beaver Creek,,"",
Aspen / Snowmass,0,"",
Arapahoe Basin Ski Area,0,"",
Wolf Creek Ski Area,,www.wolfcreekski.com/,
Winter Park Resort,,www.winterparkresort.com/,
Vail,31,www.vail.com/,
Telluride,,www.tellurideskiresort.com/,
Sunlight Mountain Resort,,"",
Steamboat,,"",
Ski Granby Ranch,,"",
Ski Cooper,,"",
Silverton Mountain,,"",
Powderhorn,,"",
Monarch Mountain,,"",
Loveland,,"",
Keystone,,"",
Howelsen Hill,,"",
Eldora Mountain Resort,,"",
Durango Mountain Resort,,"",
Crested Butte Mountain Resort,,"",
Copper Mountain Resort,,"",
Breckenridge,0,http://www.breckenridge.com/,
Beaver Creek,,"",
Wolf Creek Ski Area,,www.wolfcreekski.com/,
Winter Park Resort,,www.winterparkresort.com/,
Wolf Creek Ski Area,,www.wolfcreekski.com/,
Winter Park Resort,,www.winterparkresort.com/,
Vail,1,www.vail.com/,
Telluride,,www.tellurideskiresort.com/,
Sunlight Mountain Resort,,"",
Steamboat,,"",
Ski Granby Ranch,,"",
Ski Cooper,,"",
Silverton Mountain,,"",
Powderhorn,,"",
Monarch Mountain,,"",
Loveland,,"",
Keystone,,"",
Howelsen Hill,,"",
Eldora Mountain Resort,,"",
Durango Mountain Resort,,"",
Crested Butte Mountain Resort,,"",
Copper Mountain Resort,,"",
Breckenridge,0,http://www.breckenridge.com/,
Beaver Creek,,"",
Aspen / Snowmass,0,"",
Arapahoe Basin Ski Area,0,"",
Wolf Creek Ski Area,,www.wolfcreekski.com/,
Winter Park Resort,,www.winterparkresort.com/,
Wolf Creek Ski Area,,www.wolfcreekski.com/,
Winter Park Resort,,www.winterparkresort.com/,
Vail,1,www.vail.com/,
Telluride,,www.tellurideskiresort.com/,
Sunlight Mountain Resort,,"",
Steamboat,,"",
Ski Granby Ranch,,"",
Ski Cooper,,"",
Silverton Mountain,,"",
Powderhorn,,"",
Monarch Mountain,,"",
Loveland,,"",
Keystone,,"",
Howelsen Hill,,"",
Eldora Mountain Resort,,"",
Durango Mountain Resort,,"",
Crested Butte Mountain Resort,,"",
Copper Mountain Resort,,"",
Breckenridge,0,http://www.breckenridge.com/,
Beaver Creek,,"",
Aspen / Snowmass,0,"",
Arapahoe Basin Ski Area,0,"",
Wolf Creek Ski Area,,www.wolfcreekski.com/,
Winter Park Resort,,www.winterparkresort.com/,
Vail,1,www.vail.com/,
Telluride,,www.tellurideskiresort.com/,
Sunlight Mountain Resort,,"",
Steamboat,,"",
Ski Granby Ranch,,"",
Ski Cooper,,"",
Silverton Mountain,,"",
Powderhorn,,"",
Monarch Mountain,,"",
Loveland,,"",
Keystone,,"",
Howelsen Hill,,"",
Eldora Mountain Resort,,"",
Durango Mountain Resort,,"",
Crested Butte Mountain Resort,,"",
Copper Mountain Resort,,"",
Breckenridge,0,http://www.breckenridge.com/,
Beaver Creek,,"",
Aspen / Snowmass,0,"",
Arapahoe Basin Ski Area,0,"",
Wolf Creek Ski Area,,www.wolfcreekski.com/,
Winter Park Resort,,www.winterparkresort.com/,
Vail,1,www.vail.com/,
Telluride,,www.tellurideskiresort.com/,
Sunlight Mountain Resort,,"",
Steamboat,,"",
Ski Granby Ranch,,"",
Ski Cooper,,"",
Silverton Mountain,,"",
Powderhorn,,"",
Monarch Mountain,,"",
Loveland,,"",
Keystone,,"",
Howelsen Hill,,"",
Eldora Mountain Resort,,"",
Durango Mountain Resort,,"",
Crested Butte Mountain Resort,,"",
Copper Mountain Resort,,"",
Breckenridge,0,http://www.breckenridge.com/,
Beaver Creek,,"",
Aspen / Snowmass,0,"",
Arapahoe Basin Ski Area,0,"",
Wolf Creek Ski Area,,www.wolfcreekski.com/,
Winter Park Resort,,www.winterparkresort.com/,
Vail,1,www.vail.com/,
Telluride,,www.tellurideskiresort.com/,
Sunlight Mountain Resort,,"",
Steamboat,,"",
Ski Granby Ranch,,"",
Ski Cooper,,"",
Silverton Mountain,,"",
Powderhorn,,"",
Monarch Mountain,,"",
Loveland,,"",
Keystone,,"",
Howelsen Hill,,"",
Eldora Mountain Resort,,"",
Durango Mountain Resort,,"",
Crested Butte Mountain Resort,,"",
Copper Mountain Resort,0,"",
Breckenridge,0,http://www.breckenridge.com/,
Beaver Creek,1,"",
Aspen / Snowmass,0,"",
Arapahoe Basin Ski Area,0,"",
Wolf Creek Ski Area,,www.wolfcreekski.com/,
Winter Park Resort,,www.winterparkresort.com/,
Telluride,,www.tellurideskiresort.com/,
Sunlight Mountain Resort,,"",
Steamboat,,"",
Ski Granby Ranch,,"",
Ski Cooper,,"",
Silverton Mountain,,"",
Powderhorn,,"",
Monarch Mountain,,"",
Loveland,,"",
Keystone,,"",
Howelsen Hill,,"",
Eldora Mountain Resort,,"",
Durango Mountain Resort,,"",
Crested Butte Mountain Resort,,"",
Wolf Creek Ski Area,,www.wolfcreekski.com/,
Winter Park Resort,,www.winterparkresort.com/,
Telluride,,www.tellurideskiresort.com/,
Sunlight Mountain Resort,,"",
Steamboat,,"",
Ski Granby Ranch,,"",
Ski Cooper,,"",
Silverton Mountain,,"",
Powderhorn,,"",
Monarch Mountain,,"",
Loveland,,"",
Keystone,,"",
Howelsen Hill,,"",
Eldora Mountain Resort,,"",
Durango Mountain Resort,,"",
Crested Butte Mountain Resort,,"",
Wolf Creek Ski Area,,www.wolfcreekski.com/,
Winter Park Resort,,www.winterparkresort.com/,
Telluride,,www.tellurideskiresort.com/,
Sunlight Mountain Resort,,"",
Steamboat,,"",
Ski Granby Ranch,,"",
Ski Cooper,,"",
Silverton Mountain,,"",
Powderhorn,,"",
Monarch Mountain,,"",
Loveland,,"",
Keystone,,"",
Howelsen Hill,,"",
Eldora Mountain Resort,,"",
Durango Mountain Resort,,"",
Crested Butte Mountain Resort,,"",
Wolf Creek Ski Area,,www.wolfcreekski.com/,
Winter Park Resort,,www.winterparkresort.com/,
Telluride,,www.tellurideskiresort.com/,
Sunlight Mountain Resort,,"",
Steamboat,,"",
Ski Granby Ranch,,"",
Ski Cooper,,"",
Silverton Mountain,,"",
Powderhorn,,"",
Monarch Mountain,,"",
Loveland,,"",
Keystone,,"",
Howelsen Hill,,"",
Eldora Mountain Resort,,"",
Durango Mountain Resort,,"",
Crested Butte Mountain Resort,,"",
Vail,1,www.vail.com/,
Copper Mountain Resort,0,"",
Breckenridge,0,http://www.breckenridge.com/,
Beaver Creek,1,"",
Aspen / Snowmass,0,"",
Arapahoe Basin Ski Area,0,"",
Wolf Creek Ski Area,,www.wolfcreekski.com/,
Winter Park Resort,,www.winterparkresort.com/,
Vail,1,www.vail.com/,
Telluride,,www.tellurideskiresort.com/,
Sunlight Mountain Resort,,"",
Steamboat,,"",
Ski Granby Ranch,,"",
Ski Cooper,,"",
Silverton Mountain,,"",
Powderhorn,,"",
Monarch Mountain,,"",
Loveland,,"",
Keystone,,"",
Howelsen Hill,,"",
Eldora Mountain Resort,,"",
Durango Mountain Resort,,"",
Crested Butte Mountain Resort,,"",
Copper Mountain Resort,0,"",
Breckenridge,0,http://www.breckenridge.com/,
Beaver Creek,1,"",
Aspen / Snowmass,0,"",
Arapahoe Basin Ski Area,0,"",
Wolf Creek Ski Area,,www.wolfcreekski.com/,
Winter Park Resort,,www.winterparkresort.com/,
Vail,1,www.vail.com/,
Telluride,,www.tellurideskiresort.com/,
Sunlight Mountain Resort,,"",
Steamboat,,"",
Ski Granby Ranch,,"",
Ski Cooper,,"",
Silverton Mountain,,"",
Powderhorn,,"",
Monarch Mountain,,"",
Loveland,,"",
Keystone,,"",
Howelsen Hill,,"",
Eldora Mountain Resort,,"",
Durango Mountain Resort,,"",
Crested Butte Mountain Resort,,"",
Copper Mountain Resort,0,"",
Breckenridge,0,http://www.breckenridge.com/,
Beaver Creek,1,"",
Aspen / Snowmass,0,"",
Arapahoe Basin Ski Area,0,"",
